YEAR,MONTH,TYPE,Incident_Counts
2013,6,Vehicle Collision or Pedestrian Struck (with Injury),153
2013,6,Theft of Vehicle,141
2013,6,Theft of Bicycle,266
2013,6,Theft from Vehicle,951
2013,6,Other Theft,419
2013,6,Offence Against a Person,296
2013,6,Mischief,390
2013,6,Break and Enter Residential/Other,271
2013,6,Break and Enter Commercial,246
2013,5,Vehicle Collision or Pedestrian Struck (with Injury),146
2013,5,Theft of Vehicle,130
2013,5,Theft of Bicycle,219
2013,5,Theft from Vehicle,950
2013,5,Other Theft,413
2013,5,Offence Against a Person,283
2013,5,Mischief,394
2013,5,Break and Enter Residential/Other,272
2013,5,Break and Enter Commercial,245
2013,4,Vehicle Collision or Pedestrian Struck (with Injury),139
2013,4,Theft of Vehicle,128
2013,4,Theft of Bicycle,173
2013,4,Theft from Vehicle,908
2013,4,Other Theft,403
2013,4,Offence Against a Person,276
2013,4,Mischief,386
2013,4,Break and Enter Residential/Other,255
2013,4,Break and Enter Commercial,235
2013,3,Vehicle Collision or Pedestrian Struck (with Injury),141
2013,3,Theft of Vehicle,124
2013,3,Theft of Bicycle,139
2013,3,Theft from Vehicle,901
2013,3,Other Theft,411
2013,3,Offence Against a Person,285
2013,3,Mischief,377
2013,3,Break and Enter Residential/Other,278
2013,3,Break and Enter Commercial,236
2013,2,Vehicle Collision or Pedestrian Struck (with Injury),126
2013,2,Theft of Vehicle,121
2013,2,Theft of Bicycle,112
2013,2,Theft from Vehicle,887
2013,2,Other Theft,371
2013,2,Offence Against a Person,266
2013,2,Mischief,364
2013,2,Break and Enter Residential/Other,272
2013,2,Break and Enter Commercial,227
2013,1,Vehicle Collision or Pedestrian Struck (with Injury),139
2013,1,Theft of Vehicle,137
2013,1,Theft of Bicycle,149
2013,1,Theft from Vehicle,902
2013,1,Other Theft,406
2013,1,Offence Against a Person,298
2013,1,Mischief,379
2013,1,Break and Enter Residential/Other,292
2013,1,Break and Enter Commercial,245
2012,12,Vehicle Collision or Pedestrian Struck (with Injury),139
2012,12,Theft of Vehicle,139
2012,12,Theft of Bicycle,187
2012,12,Theft from Vehicle,922
2012,12,Other Theft,395
2012,12,Offence Against a Person,296
2012,12,Mischief,371
2012,12,Break and Enter Residential/Other,298
2012,12,Break and Enter Commercial,235
2012,11,Vehicle Collision or Pedestrian Struck (with Injury),147
2012,11,Theft of Vehicle,156
2012,11,Theft of Bicycle,236
2012,11,Theft from Vehicle,977
2012,11,Other Theft,399
2012,11,Offence Against a Person,299
2012,11,Mischief,391
2012,11,Break and Enter Residential/Other,279
2012,11,Break and Enter Commercial,226
2012,10,Vehicle Collision or Pedestrian Struck (with Injury),142
2012,10,Theft of Vehicle,139
2012,10,Theft of Bicycle,310
2012,10,Theft from Vehicle,1020
2012,10,Other Theft,409
2012,10,Offence Against a Person,292
2012,10,Mischief,398
2012,10,Break and Enter Residential/Other,272
2012,10,Break and Enter Commercial,229
2012,9,Vehicle Collision or Pedestrian Struck (with Injury),137
2012,9,Theft of Vehicle,131
2012,9,Theft of Bicycle,323
2012,9,Theft from Vehicle,1039
2012,9,Other Theft,403
2012,9,Offence Against a Person,280
2012,9,Mischief,375
2012,9,Break and Enter Residential/Other,262
2012,9,Break and Enter Commercial,218
2012,8,Vehicle Collision or Pedestrian Struck (with Injury),149
2012,8,Theft of Vehicle,131
2012,8,Theft of Bicycle,390
2012,8,Theft from Vehicle,1033
2012,8,Other Theft,401
2012,8,Offence Against a Person,299
2012,8,Mischief,386
2012,8,Break and Enter Residential/Other,266
2012,8,Break and Enter Commercial,222
2012,7,Vehicle Collision or Pedestrian Struck (with Injury),155
2012,7,Theft of Vehicle,122
2012,7,Theft of Bicycle,376
2012,7,Theft from Vehicle,1001
2012,7,Other Theft,421
2012,7,Offence Against a Person,299
2012,7,Mischief,383
2012,7,Break and Enter Residential/Other,271
2012,7,Break and Enter Commercial,222
2012,6,Vehicle Collision or Pedestrian Struck (with Injury),161
2012,6,Theft of Vehicle,126
2012,6,Theft of Bicycle,313
2012,6,Theft from Vehicle,933
2012,6,Other Theft,412
2012,6,Offence Against a Person,292
2012,6,Mischief,368
2012,6,Break and Enter Residential/Other,261
2012,6,Break and Enter Commercial,215
2012,5,Vehicle Collision or Pedestrian Struck (with Injury),147
2012,5,Theft of Vehicle,122
2012,5,Theft of Bicycle,230
2012,5,Theft from Vehicle,949
2012,5,Other Theft,409
2012,5,Offence Against a Person,280
2012,5,Mischief,381
2012,5,Break and Enter Residential/Other,256
2012,5,Break and Enter Commercial,211
2012,4,Vehicle Collision or Pedestrian Struck (with Injury),139
2012,4,Theft of Vehicle,109
2012,4,Theft of Bicycle,171
2012,4,Theft from Vehicle,904
2012,4,Other Theft,406
2012,4,Offence Against a Person,251
2012,4,Mischief,357
2012,4,Break and Enter Residential/Other,239
2012,4,Break and Enter Commercial,203
2012,3,Vehicle Collision or Pedestrian Struck (with Injury),133
2012,3,Theft of Vehicle,107
2012,3,Theft of Bicycle,134
2012,3,Theft from Vehicle,873
2012,3,Other Theft,410
2012,3,Offence Against a Person,272
2012,3,Mischief,373
2012,3,Break and Enter Residential/Other,263
2012,3,Break and Enter Commercial,211
2012,2,Vehicle Collision or Pedestrian Struck (with Injury),121
2012,2,Theft of Vehicle,105
2012,2,Theft of Bicycle,102
2012,2,Theft from Vehicle,921
2012,2,Other Theft,366
2012,2,Offence Against a Person,236
2012,2,Mischief,341
2012,2,Break and Enter Residential/Other,268
2012,2,Break and Enter Commercial,210
2012,1,Vehicle Collision or Pedestrian Struck (with Injury),130
2012,1,Theft of Vehicle,129
2012,1,Theft of Bicycle,103
2012,1,Theft from Vehicle,1041
2012,1,Other Theft,394
2012,1,Offence Against a Person,290
2012,1,Mischief,378
2012,1,Break and Enter Residential/Other,324
2012,1,Break and Enter Commercial,229
